Title,URL
A report on the Open House (22nd Feb),https://www.bspiitd.com/post/a-report-on-the-open-house-22nd-feb
Cultural Cliffhanger,https://www.bspiitd.com/post/cultural-cliffhanger
A Report on the Open House - 3rd September,https://www.bspiitd.com/post/a-report-on-the-open-house-3rd-september
Accessibility in IIT Delhi - Special Issue: World Disability Day,https://www.bspiitd.com/post/accessibility-in-iit-delhi-special-issue-world-disability-day
Lead Poisoning Report - by iGEM IITD,https://www.bspiitd.com/post/lead-poisoning-report-by-igem-iitd
"Dearth, Distance & Discouragement: Behind the Underwhelming Participation of Women in Sports at IITD",https://www.bspiitd.com/post/dearth-distance-discouragement-behind-the-underwhelming-participation-of-women-in-sports-at-iitd
Behind The Scenes: How Dil Milâ€™s Inclusion in RDV Turned into a Questionable Saga of its Own,https://www.bspiitd.com/post/behind-the-scenes-how-dil-mil-s-inclusion-in-rdv-turned-into-a-questionable-saga-of-its-own
Harsh Realities: The Travails Of The LGBTQIA+ Community At IIT Delhi,https://www.bspiitd.com/post/harsh-realities-the-travails-of-the-lgbtqia-community-at-iit-delhi
An eye over the I-Grade,https://www.bspiitd.com/post/an-eye-over-the-i-grade
